state,edit_at,city,name,date,date_text,Link 1,Link 2,Link 3,Link 4,Link 5,Link 6,Link 7,Link 8
Arkansas,https://github.com/2020PB/police-brutality/blob/master/reports/Arkansas.md,Bentonville,Law enforcement gas a crowd chanting “we want peace” right after exiting the building.,2020-06-01,June 1st,https://twitter.com/courtenay_roche/status/1267653137969623040,https://twitter.com/yagirlbrookie09/status/1267647898365427714,https://www.4029tv.com/article/bentonville-police-deploy-tear-gas-on-protesters/32736629#,,,,,
Arkansas,https://github.com/2020PB/police-brutality/blob/master/reports/Arkansas.md,Little Rock,Peaceful protestors kneeling are shot with an explosive projectile.,2020-05-31,May 31st,https://twitter.com/KATVShelby/status/1267554421019475972?s=20,,,,,,,
Utah,https://github.com/2020PB/police-brutality/blob/master/reports/Utah.md,Salt Lake City,Police shove an old man with a cane to the ground,2020-05-30,May 30th,https://twitter.com/bubbaprog/status/1266908354821206016,,,,,,,
Utah,https://github.com/2020PB/police-brutality/blob/master/reports/Utah.md,Salt Lake City,Police shoot man on the ground in the spine with a beanbag point-blank,2020-05-30,May 30th,https://www.reddit.com/r/nextfuckinglevel/comments/gtv4co/downtown_salt_lake_city_may_30th_2020_unarmed/,,,,,,,
Utah,https://github.com/2020PB/police-brutality/blob/master/reports/Utah.md,Salt Lake City,Police push and tackle man that is being vocal,2020-06-01,June 1st,https://v.redd.it/fl4y919v1q251,,,,,,,
Utah,https://github.com/2020PB/police-brutality/blob/master/reports/Utah.md,Salt Lake City,"Police shoot tear gas canister at man from close range, striking him in the chest",2020-05-30,May 30th,https://twitter.com/greg_doucette/status/1268333029526843392,https://www.instagram.com/p/CA148-0B14t6mQZqJZYzwq25KdoPzZ5CJmV3oQ0/,,,,,,
California,https://github.com/2020PB/police-brutality/blob/master/reports/California.md,Compton,Police beat person on the ground,2020-06-01,(believed to be) June 1st,https://www.reddit.com/r/PublicFreakout/comments/gvdl01/they_secluded_him_behind_a_wall_and_looked_around/,,,,,,,
California,https://github.com/2020PB/police-brutality/blob/master/reports/California.md,Hollywood,"Law enforcement arrest people walking, you can hear on the radio “You should not be driving past anybody, stop and take somebody into custody”.",2020-06-01,June 1st,https://twitter.com/AdoreDelano/status/1267688320735166465,,,,,,,
California,https://github.com/2020PB/police-brutality/blob/master/reports/California.md,La Mesa,Police shoot woman in the face,2020-05-31,May 31st,https://www.facebook.com/100010947670361/videos/1115087385532840,https://mobile.twitter.com/MarajYikes/status/1267030131563827200,https://mobile.twitter.com/chadloder/status/1267290221562871809/photo/1,,,,,
California,https://github.com/2020PB/police-brutality/blob/master/reports/California.md,La Mesa,Law enforcement shoot and throw tear gas at protesters,2020-05-30,May 30th,https://twitter.com/mamitbh/status/1267030342243778561,,,,,,,
California,https://github.com/2020PB/police-brutality/blob/master/reports/California.md,Long Beach,Reporter shot in neck by rubber bullet,2020-05-31,May 31st,https://laist.com/2020/05/31/reporters_injured_protests_police.php,https://twitter.com/AGuzmanLopez/status/1267269781805137920,,,,,,
California,https://github.com/2020PB/police-brutality/blob/master/reports/California.md,Los Angeles,"LAPD drive by shootings at fleeing people announcing ""This is an illegal assembly""",2020-06-02,June 2,https://twitter.com/balleralert/status/1268014113105555456,https://twitter.com/theweirdingwayy/status/1268048483920928768,https://twitter.com/EarvinD/status/1268087279458775040,https://abc7.com/deputies-shoot-pepper-balls-at-skateboarders-in-hollywood---video/6230652/,,,,
California,https://github.com/2020PB/police-brutality/blob/master/reports/California.md,Los Angeles,Police intimidate person filming them by shooting at apartment building,2020-05-30,May 30th,https://peertube.slat.org/videos/watch/2dcae21d-6502-41f4-bdf2-9ae40c8e8cee,,,,,,,
California,https://github.com/2020PB/police-brutality/blob/master/reports/California.md,Los Angeles,Los Angeles law enforcement beat protesters with batons,2020-05-30,May 30th,https://twitter.com/larryprincxpark/status/1266883515431505920,https://twitter.com/kendrick38/status/1266997131430133761,,,,,,
California,https://github.com/2020PB/police-brutality/blob/master/reports/California.md,Los Angeles,ABC7 reporters are hit by tear gas,2020-05-30,May 30th,https://twitter.com/GMA/status/1266934049098121216,,,,,,,
California,https://github.com/2020PB/police-brutality/blob/master/reports/California.md,Los Angeles,Police fire rubber/pepper bullets at innocent protestors,2020-05-31,May 31st,https://twitter.com/MatthewSantoro/status/1266916709304201216,,,,,,,
California,https://github.com/2020PB/police-brutality/blob/master/reports/California.md,Los Angeles,"Police officer puts his knee on a protesters neck, is pulled off",2020-05-31,May 31st,https://www.reddit.com/r/PublicFreakout/comments/gturig/cop_has_his_knee_on_a_womans_neck_even_though/,,,,,,,
California,https://github.com/2020PB/police-brutality/blob/master/reports/California.md,Los Angeles,Police shoot rubber bullets at protesters,2020-05-31,May 31st,https://twitter.com/SUNDAYLOVERBOY/status/1266890947888996352,,,,,,,
California,https://github.com/2020PB/police-brutality/blob/master/reports/California.md,Los Angeles,"Man shot in the head with deterrent rounds, is sent to hospital",2020-05-31,May 31st,https://twitter.com/LowkeySinistra/status/1267109420955086848,https://twitter.com/LowkeySinistra/status/1267871561714790401,,,,,,
California,https://github.com/2020PB/police-brutality/blob/master/reports/California.md,Los Angeles,Los Angeles law enforcement beat protesters for no apparent reason.,2020-05-31,May 31st,https://twitter.com/MattMcGorry/status/1267217360894562306,,,,,,,
California,https://github.com/2020PB/police-brutality/blob/master/reports/California.md,Los Angeles,"Police tackle and arrest protester, indiscriminately beat others with batons and shoot them with less lethals",2020-05-31,May 31st,https://twitter.com/greg_doucette/status/1267095100166987778,https://twitter.com/sleepydayhana/status/1266930544811671552,,,,,,
California,https://github.com/2020PB/police-brutality/blob/master/reports/California.md,Los Angeles,"LAPD SUV drives into protesters, speeds away",2020-05-31,May 31st,https://twitter.com/greg_doucette/status/1267277826354556928,https://twitter.com/SophiaLeeHyun/status/1267216604388978689,https://twitter.com/chadloder/status/1267314138428014594,https://v.redd.it/9aiytt50g6251/DASH_1080#mp4,https://old.reddit.com/r/PublicFreakout/comments/gu8mqp/police_drives_into_protestors_in_los_angeles/,https://old.reddit.com/r/gifs/comments/gu8inv/la_cop_car_rams_protester_on_live_tv_chopper/,,
California,https://github.com/2020PB/police-brutality/blob/master/reports/California.md,Los Angeles,Los Angeles law enforcement shot at a man on his own balcony,2020-05-31,May 31st,https://twitter.com/cwellborn3/status/1267318753571811329,,,,,,,
California,https://github.com/2020PB/police-brutality/blob/master/reports/California.md,Los Angeles,Police strike protestors with batons,2020-06-01,June 1st,https://streamable.com/ja2fw6,https://www.reddit.com/r/PublicFreakout/comments/gv8vaw/lapd_beating_and_shooting_peaceful_protesters_for/,,,,,,
California,https://github.com/2020PB/police-brutality/blob/master/reports/California.md,Los Angeles,Police shoot rubber bullets at two peaceful protestors,2020-06-01,June 1st,https://twitter.com/liveinochi/status/1267504585926557696,https://tikitoks.com/@jacksonmonroe/video/6833397689187716358,,,,,,
California,https://github.com/2020PB/police-brutality/blob/master/reports/California.md,Los Angeles,Police shoot crowd of unarmed protestors with rubber bullets,2020-05-31,Believed to be May 31st,https://www.tiktok.com/@w17ard/video/6833082563913977093?lang=en,,,,,,,
California,https://github.com/2020PB/police-brutality/blob/master/reports/California.md,Los Angeles,Police shoot unarmed man in a wheelchair in the face,2020-06-03,June 3rd,https://www.reddit.com/r/LosAngeles/comments/gwzgn8/lapd_shoots_less_than_lethal_rounds_directly_at/,https://www.dailynews.com/2020/06/03/dozens-arrested-in-downtown-los-angeles-tuesday-night-after-day-of-peaceful-protests/,https://www.instagram.com/p/CBCiZXOlno4/,https://twitter.com/Terminal_Redux/status/1268870944615026690,,,,
California,https://github.com/2020PB/police-brutality/blob/master/reports/California.md,Oakland,Officer runs down protesters with police cruiser,2020-05-30,Believed to be May 30th,https://www.reddit.com/r/PublicFreakout/comments/gttdkj/cop_driving_into_crowds_of_protestors/,,,,,,,
California,https://github.com/2020PB/police-brutality/blob/master/reports/California.md,Oakland,Oakland law enforcement shoot a reporter,2020-05-31,May 31st,https://twitter.com/SarahBelleLin/status/1266980899301683200,,,,,,,
California,https://github.com/2020PB/police-brutality/blob/master/reports/California.md,Riverside,Law enforcement break a car window for no apparent reason,2020-06-02,June 2nd,https://old.reddit.com/r/PublicFreakout/comments/gv2lku/news_chopper_pans_out_as_riverside_county_sheriff/,,,,,,,
California,https://github.com/2020PB/police-brutality/blob/master/reports/California.md,Sacramento,Police shoot protester in the head,2020-05-31,May 31st,https://youtu.be/pRmBO34aXME,https://twitter.com/mynameschazz/status/1266978442722947072?s=21,,,,,,
California,https://github.com/2020PB/police-brutality/blob/master/reports/California.md,Sacramento,Sacramento law enforcement shoot shoot protesters and then announce their assembly unlawful.,2020-06-01,June 1st,https://www.facebook.com/danny.garza.167/videos/10222535335080905/,,,,,,,
California,https://github.com/2020PB/police-brutality/blob/master/reports/California.md,Sacramento,Police choke man and push woman filming event to the ground,2020-06-01,June 1st,https://twitter.com/greg_doucette/status/1268334584443342850,https://twitter.com/reereeisme65/status/1267378345894789125,,,,,,
California,https://github.com/2020PB/police-brutality/blob/master/reports/California.md,San Diego,Police abduct woman in unmarked van,2020-06-04,June 4th,https://twitter.com/greg_doucette/status/1269009907367493634,,,,,,,
California,https://github.com/2020PB/police-brutality/blob/master/reports/California.md,San Jose,Police shoot a projectile at a protestor,2020-05-31,May 31st,https://www.reddit.com/r/PublicFreakout/comments/gtksgq/cop_decides_to_shoot_at_protestor_who_hurt_his/,https://www.reddit.com/r/PublicFreakout/comments/gtg2cb/cop_waits_in_excitement_like_its_a_game/,,,,,,
California,https://github.com/2020PB/police-brutality/blob/master/reports/California.md,Santa Ana,Police open fire on protestors,2020-05-31,May 31st,https://twitter.com/YourAnonCentral/status/1266991237355069442,,,,,,,
California,https://github.com/2020PB/police-brutality/blob/master/reports/California.md,San Luis Obispo,Law enforcement fire on crowd with their arms up chanting,2020-06-01,June 1st,https://twitter.com/ma7dz/status/1267697838244298752,,,,,,,
California,https://github.com/2020PB/police-brutality/blob/master/reports/California.md,San Francisco,San Francisco law enforcement shove man off the sidewalk onto the ground,2020-05-31,May 31st,https://twitter.com/caseylc9/status/1267285516262596608,,,,,,,
California,https://github.com/2020PB/police-brutality/blob/master/reports/California.md,Santa Monica,Police fire pepper bullets into apartment,2020-05-31,May 31st,https://twitter.com/GIFsZP/status/1267241803750813703,,,,,,,
California,https://github.com/2020PB/police-brutality/blob/master/reports/California.md,Walnut Creek,Armored law enforcement vehicle threatens protestors,2020-06-02,June 2nd,https://www.instagram.com/p/CA7KMc9pX5S/,,,,,,,
California,https://github.com/2020PB/police-brutality/blob/master/reports/California.md,Vallejo,Police fatally shoot unarmed 22 year old,2020-06-01,June 1st,https://www.theguardian.com/us-news/2020/jun/04/vallejo-police-kill-unarmed-man-california,,,,,,,
Missouri,https://github.com/2020PB/police-brutality/blob/master/reports/Missouri.md,Kansas City,Police tear gas a park,2020-05-31,May 31st,https://twitter.com/imunoz03/status/1266908372881768448,,,,,,,
Missouri,https://github.com/2020PB/police-brutality/blob/master/reports/Missouri.md,Kansas City,Kansas City police attempt to arrest a man leading the protest then spray the crowd.,,,https://old.reddit.com/r/PublicFreakout/comments/guswxo/he_wasnt_even_addressing_the_police/,,,,,,,
Missouri,https://github.com/2020PB/police-brutality/blob/master/reports/Missouri.md,Kansas City,Police arrest man for speaking and teargas nearby protestors,2020-06-01,June 1st,https://twitter.com/weslyinfinity/status/1267321172309544960?,,,,,,,
Missouri,https://github.com/2020PB/police-brutality/blob/master/reports/Missouri.md,Kansas City,Police pullaway protestor and pepper sprays others,2020-06-01,June 1st,https://www.reddit.com/r/2020PoliceBrutality/comments/gut8n1/in_kansas_city/,,,,,,,
Missouri,https://github.com/2020PB/police-brutality/blob/master/reports/Missouri.md,Kansas City,Police pepper spray and arrest protestor holding sign,2020-05-30,May 30th,https://www.kansascity.com/news/local/article243188436.html,https://www.facebook.com/KuhlPics/photos/a.467614509924515/3214027235283215/?type=3&theater,,,,,,
Missouri,https://github.com/2020PB/police-brutality/blob/master/reports/Missouri.md,Kansas City,Police pepper spray protestors walking away and later arrest one of them,2020-05-31,May 31st,https://twitter.com/RayVaca/status/1266959833753890816,https://twitter.com/whoareyoujudy_/status/1266968858159702017,,,,,,
Iowa,https://github.com/2020PB/police-brutality/blob/master/reports/Iowa.md,Des Moines,Police use or threaten to use pepper-spray in an elevator on apartment residents trying to go home,2020-06-02,(believed to be) June 2nd,https://twitter.com/greg_doucette/status/1268235074580987906,,,,,,,
Iowa,https://github.com/2020PB/police-brutality/blob/master/reports/Iowa.md,Iowa City,Police shoot tear gas at peaceful protestors who have their hands up,2020-06-03,June 3rd,https://twitter.com/DJPAIMON/status/1268399580753858561,,,,,,,
Nevada,https://github.com/2020PB/police-brutality/blob/master/reports/Nevada.md,Las Vegas,Police shove and drag man through the street,2020-05-31,May 31st,https://twitter.com/LasVegasLocally/status/1267210841595604992,https://www.instagram.com/p/CA14rooHIC6/?utm_source=ig_web_copy_link,,,,,,
Nevada,https://github.com/2020PB/police-brutality/blob/master/reports/Nevada.md,Las Vegas,"Police charge into peaceful crowd shouting ""grab anybody""",2020-06-01,June 1st,https://mobile.twitter.com/chadloder/status/1267168204863926274,,,,,,,
Pennsylvania,https://github.com/2020PB/police-brutality/blob/master/reports/Pennsylvania.md,Erie,Police officer maces woman and kicks her in the head,2020-05-31,May 31st,https://twitter.com/ItsKadynC/status/1266967646345613317,https://twitter.com/the7goonies/status/1266989439160590336,https://papost.org/2020/05/31/erie-woman-who-was-kicked-by-police-officer-saysi-was-100-percent-peaceful/,,,,,
Pennsylvania,https://github.com/2020PB/police-brutality/blob/master/reports/Pennsylvania.md,Harrisburg,Police pepperspray protesters helping someone stand up,2020-05-30,May 30th,https://twitter.com/greg_doucette/status/1266862623041167362,,,,,,,
Pennsylvania,https://github.com/2020PB/police-brutality/blob/master/reports/Pennsylvania.md,Philadelphia,Police beat down man,2020-05-30,May 30th,https://twitter.com/UR_Ninja/status/1266913490301792257,,,,,,,
Pennsylvania,https://github.com/2020PB/police-brutality/blob/master/reports/Pennsylvania.md,Philadelphia,Police drag cooperating man from car and punch him in the face,,,https://youtu.be/QDcCFN_LQPA,,,,,,,
Pennsylvania,https://github.com/2020PB/police-brutality/blob/master/reports/Pennsylvania.md,Philadelphia,Philadelphia cops beat man and forcefully put his fingers on their baton.,2020-05-31,May 31st,https://twitter.com/mkultranews/status/1267305587206807553,,,,,,,
Pennsylvania,https://github.com/2020PB/police-brutality/blob/master/reports/Pennsylvania.md,Philadelphia,"Philadelphia Police Trap Protesters on Highway, Then Tear Gas Them",2020-06-01,June 1st,https://www.reddit.com/r/PublicFreakout/comments/guve5f/philadelphia_police_traps_protesters_on_highway/,https://twitter.com/bbcease/status/1267582823428501508,https://www.youtube.com/watch?v=cXzWicPCNQg,https://youtu.be/oCVe8mXOU94,https://vimeo.com/425235774,https://youtu.be/srC5l--cn14,,
Pennsylvania,https://github.com/2020PB/police-brutality/blob/master/reports/Pennsylvania.md,Philadelphia,Police officer pepper-sprays three people on their knees,2020-06-01,believed to be June 1st,https://twitter.com/d0wnrrrrr/status/1267691766188310528,,,,,,,
Pennsylvania,https://github.com/2020PB/police-brutality/blob/master/reports/Pennsylvania.md,Philadelphia,"Police kneel on man who says ""I can't breathe"", officer yells profanities back",2020-06-03,believed to be June 3rd,https://twitter.com/greg_doucette/status/1268200800649707526,,,,,,,
Pennsylvania,https://github.com/2020PB/police-brutality/blob/master/reports/Pennsylvania.md,Philadelphia,Police shove protestors and strike woman across the face with a baton,2020-06-01,June 1st,https://twitter.com/greg_doucette/status/1268766216161763328,https://twitter.com/Peopledelphia/status/1267588991655784448,,,,,,
Pennsylvania,https://github.com/2020PB/police-brutality/blob/master/reports/Pennsylvania.md,Pittsburgh,Officer pepper-sprays a woman who is on her knees with her hands up,,,https://www.youtube.com/watch?v=TxHxU6nhzzQ,https://twitter.com/PaulaReedWard/status/1268547369618026503,https://www.post-gazette.com/news/crime-courts/2020/06/03/East-Liberty-protest-Abigail-Rubio-says-Pittsburgh-police-intimidated-video/stories/202006030158,,,,,
Pennsylvania,https://github.com/2020PB/police-brutality/blob/master/reports/Pennsylvania.md,Pittsburgh,Police fire tear gas and rubber bullets on peaceful assembly,2020-06-01,June 1st,https://www.reddit.com/r/pittsburgh/comments/guzshz/police_declaring_an_unlawful_assembly_against_a/,https://www.facebook.com/BenjaminKFerris/posts/3091613010894973,https://twitter.com/gautamyadav818/status/1267606317893550080,,,,,
New York,https://github.com/2020PB/police-brutality/blob/master/reports/New York.md,Buffalo,Police tackle man giving interview,2020-06-01,June 1st,https://twitter.com/secretlaith/status/1268251322467450880,,,,,,,
New York,https://github.com/2020PB/police-brutality/blob/master/reports/New York.md,Buffalo,"Police shove elderly man, causing him to fall and hit the back of his head",2020-06-04,June 4th,https://twitter.com/WBFO/status/1268712530358292484,https://news.wbfo.org/post/graphic-video-buffalo-police-officers-violently-shove-man-ground,https://www.facebook.com/watch/?ref=external&v=2489206818056597,https://www.wivb.com/news/five-people-arrested-one-person-injured-during-protest-activity-in-niagara-square/,https://www.reddit.com/r/PublicFreakout/comments/gwv7k4/just_about_an_hour_ago_police_officers_shove_man/fsxfeb3/,,,
New York,https://github.com/2020PB/police-brutality/blob/master/reports/New York.md,Rochester,Police shoot at people filming,2020-05-31,May 31st,https://twitter.com/bleeezyy_/status/1266894195865931778,,,,,,,
New York,https://github.com/2020PB/police-brutality/blob/master/reports/New York.md,New York City,Police officer body slams protestor,2020-06-02,June 2nd,https://twitter.com/jhermann/status/1268043720399691776,https://twitter.com/altochulo/status/1268018561571840000,,,,,,
New York,https://github.com/2020PB/police-brutality/blob/master/reports/New York.md,New York City,Police officer throws man against police car,2020-05-30,May 30th,https://twitter.com/Stoney_Holiday/status/1266616250685444096,https://www.instagram.com/p/CAzSOtGlKQY/,,,,,,
New York,https://github.com/2020PB/police-brutality/blob/master/reports/New York.md,New York City,Police pull off protesters mask to pepper spray him,2020-05-31,May 31st,https://twitter.com/_doreenpt/status/1266994439039455232,,,,,,,
New York,https://github.com/2020PB/police-brutality/blob/master/reports/New York.md,New York City,NYPD beat people with batons,2020-05-30,May 30th,https://twitter.com/j0ncampbell/status/1266514356071735296,,,,,,,
New York,https://github.com/2020PB/police-brutality/blob/master/reports/New York.md,New York City,Cop shoves a guy into a metal fence,2020-05-30,May 30th,https://twitter.com/ZachReports/status/1266557305107202049,https://twitter.com/BTSsavedmylife9/status/1266754310161006594,,,,,,
New York,https://github.com/2020PB/police-brutality/blob/master/reports/New York.md,New York City,Cop shoving a person to the ground towards metal trash bins,2020-05-30,May 30th,https://twitter.com/crankberries/status/1266584559245803522,https://twitter.com/greg_doucette/status/1266850004720812032,,,,,,
New York,https://github.com/2020PB/police-brutality/blob/master/reports/New York.md,New York City,NYPD rams protesters,2020-05-31,May 31st,https://twitter.com/pgarapon/status/1266885414016688134,https://twitter.com/mkultranews/status/1266893237450498048,,,,,,
New York,https://github.com/2020PB/police-brutality/blob/master/reports/New York.md,New York City,Police assault protesters,2020-05-31,May 31st,https://twitter.com/theactivistTati/status/1266889419858075649,,,,,,,
New York,https://github.com/2020PB/police-brutality/blob/master/reports/New York.md,New York City,"Police shove woman to the ground, inducing a seizure",2020-05-29,May 29th,https://twitter.com/whitney_hu/status/1266540710188195843,https://twitter.com/JasonLemon/status/1266529475757510656,https://twitter.com/zayer_dounya/status/1266581597760831489,,,,,
New York,https://github.com/2020PB/police-brutality/blob/master/reports/New York.md,New York City,Police drive by man and hit him with car door,2020-05-29,May 29th,https://twitter.com/DriveWendys/status/1266555286678048770,,,,,,,
New York,https://github.com/2020PB/police-brutality/blob/master/reports/New York.md,New York City,State senator pepper sprayed,2020-05-31,May 31st,https://twitter.com/zellnor4ny/status/1266802303807500288,,,,,,,
New York,https://github.com/2020PB/police-brutality/blob/master/reports/New York.md,New York City,Protesters with hands up assaulted by police,2020-05-31,May 31st,https://www.reddit.com/r/2020PoliceBrutality/comments/gu2u28/more_documented_aggression_in_flatbush_brooklyn/,,,,,,,
New York,https://github.com/2020PB/police-brutality/blob/master/reports/New York.md,New York City,Huffpost reporter is arrested by NYPD,2020-05-30,May 30th,https://twitter.com/HuffPost/status/1266936484692725766,https://www.huffpost.com/entry/huffpost-reporter-chris-mathias-arrested_n_5ed320d9c5b640cb8341c921,,,,,,
New York,https://github.com/2020PB/police-brutality/blob/master/reports/New York.md,New York City,Member of the New York State Assembly pepper-sprayed,,,https://twitter.com/GwynneFitz/status/1266522692326428672,,,,,,,
New York,https://github.com/2020PB/police-brutality/blob/master/reports/New York.md,New York City,Officer threatens protestors with what appears to be a handgun,2020-06-01,June 1st,https://mobile.twitter.com/jangelooff/status/1267308341660979200,,,,,,,
New York,https://github.com/2020PB/police-brutality/blob/master/reports/New York.md,New York City,Officers beat man with batons,,,https://www.reddit.com/r/newyorkcity/comments/gv8aft/police_beat_man_without_even_attempting_to_arrest/,https://www.reddit.com/r/PublicFreakout/comments/gv43ar/police_beat_man_without_even_attempting_to_arrest/,,,,,,
New York,https://github.com/2020PB/police-brutality/blob/master/reports/New York.md,New York City,Man walking his bike beaten by officers with batons,2020-06-03,June 3rd,https://twitter.com/joshfoxfilm/status/1268366550475603969,https://www.dailymail.co.uk/news/article-8388515/NYPD-cop-beats-cyclist-nightstick-tries-away.html,,,,,,
New York,https://github.com/2020PB/police-brutality/blob/master/reports/New York.md,New York City,NYPD Officers hit and knock down a protestor and a journalist,2020-06-04,June 4th,https://twitter.com/johnknefel/status/1268736946031001607,,,,,,,
Michigan,https://github.com/2020PB/police-brutality/blob/master/reports/Michigan.md,Detroit,Police shove and scream at men walking down the street,2020-05-30,May 30th,https://twitter.com/AkramG03/status/1266876680142049282,,,,,,,
Michigan,https://github.com/2020PB/police-brutality/blob/master/reports/Michigan.md,Detroit,Police pepperspray reporter holding up media badge,2020-05-30,May 30th,https://twitter.com/DetroitReporter/status/1266957225114861568,https://www.freep.com/story/news/local/michigan/detroit/2020/06/01/journalists-targeted-police-protests-detroit/5302659002/,,,,,,
Michigan,https://github.com/2020PB/police-brutality/blob/master/reports/Michigan.md,Detroit,Police shoot rubber bullets at reporters,2020-05-30,May 30th,https://twitter.com/reporterdavidj/status/1266966021077962752,,,,,,,
Michigan,https://github.com/2020PB/police-brutality/blob/master/reports/Michigan.md,Detroit,Officer charges through other officers to attack a protestor who is backing away,2020-05-29,May 29th,https://twitter.com/joeguillen/status/1266563974658744321,,,,,,,
Michigan,https://github.com/2020PB/police-brutality/blob/master/reports/Michigan.md,Grand Rapids,Police spray unarmed man with pepperspray and shoot him in the face with a teargas canister,2020-05-31,May 31st,https://old.reddit.com/r/Bad_Cop_No_Donut/comments/gub8fx/police_shoot_protestor_point_blank_in_the_face/,https://www.fox17online.com/news/local-news/grand-rapids/grpd-conducting-internal-investigation-after-viral-video-of-man-being-pepper-sprayed,https://www.reddit.com/r/2020PoliceBrutality/comments/gv3xuu/police_in_grand_rapids_michigan_spray_a_man/,,,,,
Michigan,https://github.com/2020PB/police-brutality/blob/master/reports/Michigan.md,Kalamazoo,Police fire tear gas at prone protesters,2020-06-01,June 1st,https://twitter.com/i/status/1267677463850745858,https://www.facebook.com/BlaineBurnett11/videos/963503949886/,,,,,,
Michigan,https://github.com/2020PB/police-brutality/blob/master/reports/Michigan.md,Kalamazoo,Police fire tear gas at peaceful protesters,2020-06-02,June 2nd ~7:30pm EDT,https://streamable.com/xvlky1,https://streamable.com/0wfiu3,https://www.mlive.com/news/kalamazoo/2020/06/my-heart-was-wrenched-with-pain-assistant-chief-says-of-ordering-tear-gas-on-protesters.html,https://ibb.co/Fgrwqkj,,,,
Unknown Location,https://github.com/2020PB/police-brutality/blob/master/reports/Unknown Location.md,,Compilation of incidents,2020-05-31,May 31st,https://twitter.com/perfectlyg0lden/status/1267014293628870656,,,,,,,
Unknown Location,https://github.com/2020PB/police-brutality/blob/master/reports/Unknown Location.md,,Officer grabs bystander by the neck,2020-06-01,June 1st,https://twitter.com/EDDIFUL/status/1267338642617364481,,,,,,,
Unknown Location,https://github.com/2020PB/police-brutality/blob/master/reports/Unknown Location.md,,Officer beats a protestor while pinning him on the ground,,,https://twitter.com/samjwc/status/1267355060666654720,,,,,,,
Tennessee,https://github.com/2020PB/police-brutality/blob/master/reports/Tennessee.md,Memphis,Police swarm a woman without provocation,2020-05-31,May 31st,https://twitter.com/Desi_Stennett/status/1266996885824380929,,,,,,,
Vermont,https://github.com/2020PB/police-brutality/blob/master/reports/Vermont.md,St. Johnsbury,Police shove a protesting woman down a set of concrete steps.,2020-06-03,June 3rd,https://www.facebook.com/story.php?story_fbid=3011143412313088&id=100002523772680,https://vtdigger.org/2020/06/03/police-arrest-4-at-st-johnsbury-george-floyd-protest/,,,,,,
Washington,https://github.com/2020PB/police-brutality/blob/master/reports/Washington.md,Seattle,Officer pins protestor by pushing his knee into his neck,2020-05-30,May 30th,https://mobile.twitter.com/chadloder/status/1267011092045115392,,,,,,,
Washington,https://github.com/2020PB/police-brutality/blob/master/reports/Washington.md,Seattle,Police beat unarmed man on the ground,2020-05-31,May 31st,https://twitter.com/gunduzbaba1905/status/1266937500607614982,,,,,,,
Washington,https://github.com/2020PB/police-brutality/blob/master/reports/Washington.md,Seattle,Police indiscriminately pepper spray peaceful protesters,2020-05-31,May 31st,https://www.reddit.com/r/Bad_Cop_No_Donut/comments/gtt3w8/i_caught_the_moment_seattle_police_pepper_sprayed/,,,,,,,
Washington,https://github.com/2020PB/police-brutality/blob/master/reports/Washington.md,Seattle,Police pepper spray young child,2020-05-31,May 31st,https://www.fox10phoenix.com/news/video-shows-milk-poured-over-face-of-child-pepper-sprayed-in-seattle-protest,,,,,,,
Washington,https://github.com/2020PB/police-brutality/blob/master/reports/Washington.md,Seattle,Police initiate violence,2020-06-01,June 1st,https://www.reddit.com/r/Seattle/comments/gv0ru3/this_is_the_moment_it_all_happened/,https://www.reddit.com/r/PublicFreakout/comments/gv1spo/the_moment_seattle_police_instigate_a_riot_over_a/,,,,,,
Washington,https://github.com/2020PB/police-brutality/blob/master/reports/Washington.md,Seattle,Police strike active newscrew with flashbang,2020-06-01,June 1st,https://twitter.com/Acyn/status/1267673936659021830?s=20,,,,,,,
Washington,https://github.com/2020PB/police-brutality/blob/master/reports/Washington.md,Seattle,Officers deploy flashbangs and pepper spray peaceful protesters,2020-06-02,June 2nd,https://twitter.com/catsayshello/status/1268073344814866432,,,,,,,
Washington,https://github.com/2020PB/police-brutality/blob/master/reports/Washington.md,Seattle,Police officer pulls protestor to the ground unprovoked,2020-06-02,June 2nd,https://www.reddit.com/r/PublicFreakout/comments/gv9g5n/the_police_were_spotted_instigating_violence/,https://peertube.live/videos/watch/9e9323af-3ea1-4d3c-856d-a7f0a66688e7,,,,,,
Kentucky,https://github.com/2020PB/police-brutality/blob/master/reports/Kentucky.md,Louisville,Police smashing water bottles,2020-05-31,May 31st,https://twitter.com/nataliealund/status/1266877181164089349,https://twitter.com/WFPLNews/status/1266923468102262784,,,,,,
Kentucky,https://github.com/2020PB/police-brutality/blob/master/reports/Kentucky.md,Louisville,Police shoot rubber bullets at reporter,2020-05-30,May 30th,https://www.reddit.com/r/PublicFreakout/comments/gt69qe/police_start_shooting_press_with_some_kinda/,https://twitter.com/greg_doucette/status/1266557059606163456,https://twitter.com/KaitlinRustWAVE/status/1268218653104693248,,,,,
Kentucky,https://github.com/2020PB/police-brutality/blob/master/reports/Kentucky.md,Louisville,Louisville police swarm and beat a man screaming on the ground,2020-06-01,Believed to be June 1st,https://reddit.com/r/PublicFreakout/comments/gutezm/multiple_kentucky_state_police_troopers_tackled/,,,,,,,
Kentucky,https://github.com/2020PB/police-brutality/blob/master/reports/Kentucky.md,Louisville,Young woman shot in the head by a rubber bullet,2020-05-30,May 30th,https://twitter.com/shannynsharyse/status/1267015577266249728,https://twitter.com/shannynsharyse/status/1266631722239766528,,,,,,
Kentucky,https://github.com/2020PB/police-brutality/blob/master/reports/Kentucky.md,Louisville,Police shoot at cars in traffic from overpass,2020-05-31,May 31st,https://twitter.com/Itz5500Gillz/status/1267454024288292867,,,,,,,
Kentucky,https://github.com/2020PB/police-brutality/blob/master/reports/Kentucky.md,Louisville,Restaurant owner shot and killed,2020-06-01,June 1st,https://edition.cnn.com/2020/06/02/us/david-mcatee-louisville-what-we-know-trnd/index.html,https://edition.cnn.com/2020/06/01/us/louisville-protests-man-shot-dead/index.html,https://youtu.be/wDg9fev67lw,https://mobile.twitter.com/chadloder/status/1267555717751296000,https://www.nytimes.com/video/us/100000007175316/the-david-mcatee-shooting-did-aggressive-policing-lead-to-a-fatal-outcome.html,,,
Kentucky,https://github.com/2020PB/police-brutality/blob/master/reports/Kentucky.md,Louisville,Protestors in St. Matthews shot with pepper rounds,2020-06-03,June 3rd,https://www.reddit.com/r/Louisville/comments/gw5joa/peaceful_protesters_marching_in_st_mathews_get/,,,,,,,
South Carolina,https://github.com/2020PB/police-brutality/blob/master/reports/South Carolina.md,Charleston,Police Individually Target Peaceful Protestor and Arrest Him,2020-05-31,May 31st,https://www.reddit.com/r/PublicFreakout/comments/guxm5o/police_arresting_a_peaceful_protestor_for_simply/?utm_source=share&utm_medium=ios_app&utm_name=iossmf,https://www.reddit.com/r/iamatotalpieceofshit/comments/gugrfa/man_reaches_out_with_love_to_the_cops_and_they/,https://www.postandcourier.com/news/he-told-charleston-police-i-am-not-your-enemy-then-he-was-handcuffed/article_e7de4b0a-a43f-11ea-a019-1f9e6a20ea55.html,,,,,
South Carolina,https://github.com/2020PB/police-brutality/blob/master/reports/South Carolina.md,Location Unknown,Police Assault Suspect on Ground During Arrest,2020-06-03,June 3rd,https://twitter.com/track4life_bry/status/1268313958479532034,,,,,,,
Georgia,https://github.com/2020PB/police-brutality/blob/master/reports/Georgia.md,Atlanta,Officer shoves a woman with his bike,2020-05-30,May 30th,https://twitter.com/ava/status/1266797973834395648?s=20,,,,,,,
Georgia,https://github.com/2020PB/police-brutality/blob/master/reports/Georgia.md,Atlanta,"Cops pull people out of their car, taze them",2020-05-30,May 30th,https://twitter.com/danielvankirk/status/1266947767840063489,https://www.instagram.com/p/CA27quMhqJA/,https://twitter.com/SarahBaska/status/1267308455225774080?s=20,https://www.standard.co.uk/news/world/atlanta-police-officers-fired-dragging-students-car-protest-a4457371.html#gsc.tab=0,,,,
Georgia,https://github.com/2020PB/police-brutality/blob/master/reports/Georgia.md,Lawrenceville,Man tased in back for speaking up after man on ground is punched in face by cop,2020-05-30,May 30th,https://twitter.com/ftn_shark/status/1266854056506667009?s=19,https://twitter.com/throneofmorac/status/1266870493858185217?s=09,,,,,,
Florida,https://github.com/2020PB/police-brutality/blob/master/reports/Florida.md,Fort Lauderdale,Police Shove a woman down to her knees,2020-05-31,May 31st,https://twitter.com/thickliljawn/status/1267239498083110913,,,,,,,
Florida,https://github.com/2020PB/police-brutality/blob/master/reports/Florida.md,Fort Lauderdale,Law enforcement shoot a woman in the head,2020-05-31,May 31st,https://www.miamiherald.com/news/local/community/broward/article243193481.html,,,,,,,
Florida,https://github.com/2020PB/police-brutality/blob/master/reports/Florida.md,Miami,Man tackled to ground after speaking to police,2020-05-31,May 31st,https://twitter.com/BillyCorben/status/1267644127178563588,,,,,,,
Florida,https://github.com/2020PB/police-brutality/blob/master/reports/Florida.md,Orlando,Police use excessive force during an arrest,2020-06-02,June 2nd,https://twitter.com/ewcfilms/status/1268003421786906627,,,,,,,
Florida,https://github.com/2020PB/police-brutality/blob/master/reports/Florida.md,Tampa,One woman is pinned to the ground and another is pepper-sprayed,2020-06-04,June 4th,https://twitter.com/walkin_da_talk/status/1268718193679499266,https://twitter.com/jamiebullockk/status/1268658254806163460,https://twitter.com/InesseC/status/1268912900565094401,"https://www.google.com/maps/@27.9563654,-82.4569108,3a,75y,255.48h,92.17t/data=",,,,
North Dakota,https://github.com/2020PB/police-brutality/blob/master/reports/North Dakota.md,Fargo,Police using selective enforcement on black individuals,2020-06-03,June 3rd,https://www.reddit.com/r/PublicFreakout/comments/gwm2mf/police_using_selective_enforcement_on_protestors/,https://twitter.com/Eggsalaaad/status/1268223118394392576,,,,,,
Wisconsin,https://github.com/2020PB/police-brutality/blob/master/reports/Wisconsin.md,Madison,Officer pepper-sprays protestor walking backwards with arms raised,2020-05-31,May 31st,https://twitter.com/NeonMarionette/status/1266962885957292032?s=20,,,,,,,
Minnesota,https://github.com/2020PB/police-brutality/blob/master/reports/Minnesota.md,Minneapolis,"Police storm gas station, attacking reporters who show press badges",2020-05-30,May 30th,https://twitter.com/MichaelAdams317/status/1266945268567678976,https://twitter.com/rsdaza/status/1267200011659554824,https://twitter.com/MichaelAdams317/status/1267203751913422849,,,,,
Minnesota,https://github.com/2020PB/police-brutality/blob/master/reports/Minnesota.md,Minneapolis,Police shoot at a woman on her porch,2020-05-31,May 31st,https://twitter.com/tkerssen/status/1266921821653385225,,,,,,,
Minnesota,https://github.com/2020PB/police-brutality/blob/master/reports/Minnesota.md,Minneapolis,Police drive by spraying,2020-05-30,May 30th,https://www.youtube.com/watch?v=O3qj4cfsd7g,https://twitter.com/stribrooks/status/1266186985041022976,,,,,,
Minnesota,https://github.com/2020PB/police-brutality/blob/master/reports/Minnesota.md,Minneapolis,CNN Reporter arrested,2020-05-30,May 30th,https://www.youtube.com/watch?v=aNuzzVpDZTY,,,,,,,
Minnesota,https://github.com/2020PB/police-brutality/blob/master/reports/Minnesota.md,Minneapolis,WCCO photojournalist arrested,2020-05-30,May 30th,https://www.youtube.com/watch?v=wmpic2NU1RM&feature=youtu.be,,,,,,,
Minnesota,https://github.com/2020PB/police-brutality/blob/master/reports/Minnesota.md,Minneapolis,LA-Times employee recounts getting shot,2020-05-31,May 31st,https://mobile.twitter.com/mollyhf/status/1266911382613692422,https://www.latimes.com/world-nation/story/2020-05-30/la-reporter-tear-gas-police,,,,,,
Minnesota,https://github.com/2020PB/police-brutality/blob/master/reports/Minnesota.md,Minneapolis,Reporter shares his experience,2020-05-31,May 31st,https://twitter.com/JaredGoyette/status/1266961243476299778,,,,,,,
Minnesota,https://github.com/2020PB/police-brutality/blob/master/reports/Minnesota.md,Minneapolis,Police slashes tires,2020-05-31,May 31st,https://twitter.com/val_ebertz/status/1266975058230235137,https://twitter.com/andrewkimmel/status/1266987126467461120?s=20,https://twitter.com/andrewkimmel/status/1267012840197586946?s=20,,,,,
Minnesota,https://github.com/2020PB/police-brutality/blob/master/reports/Minnesota.md,Minneapolis,CBS news crew shot with rubber bullets,2020-05-31,May 31st,https://mobile.twitter.com/chadloder/status/1266971884001693696,https://twitter.com/MikeGeorgeCBS/status/1266916104951214080,,,,,,
Minnesota,https://github.com/2020PB/police-brutality/blob/master/reports/Minnesota.md,Minneapolis,Police throw flashbangs at reporter,2020-05-31,May 31st,https://twitter.com/atrupar/status/1266910910137995264,,,,,,,
Minnesota,https://github.com/2020PB/police-brutality/blob/master/reports/Minnesota.md,Minneapolis,Police blind a reporter with rubber bullet,2020-05-31,May 31st,https://mobile.twitter.com/KillerMartinis/status/1266618525600399361?s=19,,,,,,,
Minnesota,https://github.com/2020PB/police-brutality/blob/master/reports/Minnesota.md,Minneapolis,Police shoot Reuters reporters with rubber bullets,2020-05-31,May 31st,https://www.reuters.com/article/us-minneapolis-police-protest-update/reuters-cameraman-hit-by-rubber-bullets-as-police-disperse-protesters-idUSKBN237050,,,,,,,
Minnesota,https://github.com/2020PB/police-brutality/blob/master/reports/Minnesota.md,Minneapolis,"Police shoot at, threaten to arrest reporter",2020-05-31,May 31st,https://www.youtube.com/watch?v=NN8ISwuiX68,,,,,,,
Minnesota,https://github.com/2020PB/police-brutality/blob/master/reports/Minnesota.md,Minneapolis,Police shoot flashbang grenades into crowd,2020-05-26,believed to be May 26th or 27th,https://www.facebook.com/1462345700/posts/10220863688809651,,,,,,,
Minnesota,https://github.com/2020PB/police-brutality/blob/master/reports/Minnesota.md,Minneapolis,CNN crew shot at with rubber bullets and tear gas while live on air,2020-05-30,May 30th,https://mobile.twitter.com/chadloder/status/1266962631887224837,,,,,,,
Minnesota,https://github.com/2020PB/police-brutality/blob/master/reports/Minnesota.md,Minneapolis,Police shoot rubber bullets and teargas at an MSNBC reporter,2020-05-30,believed to be May 30th,https://twitter.com/greg_doucette/status/1267118696960528386,,,,,,,
Minnesota,https://github.com/2020PB/police-brutality/blob/master/reports/Minnesota.md,Minneapolis,Police stop SUV to driveby pepperspray protesters through window,2020-05-31,May 31st,https://twitter.com/greg_doucette/status/1267283198163255297,,,,,,,
Minnesota,https://github.com/2020PB/police-brutality/blob/master/reports/Minnesota.md,Minneapolis,Patient care assistant reports being shot with rubber bullets while treating injured protestors,2020-05-31,May 31st,https://mobile.twitter.com/chadloder/status/1266957030285127687,,,,,,,
Minnesota,https://github.com/2020PB/police-brutality/blob/master/reports/Minnesota.md,Minneapolis,Journalists pepper sprayed and hit with flashbangs and batons,2020-05-31,May 31st,https://twitter.com/edouphoto/status/1267958349477249024,https://www.facebook.com/356074941105769/posts/3020200918026478/,,,,,,
North Carolina,https://github.com/2020PB/police-brutality/blob/master/reports/North Carolina.md,Charlotte,"Law enforcement close on protesters from both sides with pepper bullets, tear gas, and flashbangs",2020-06-02,June 2nd,https://www.instagram.com/tv/CA9UOKAj7MC/,,,,,,,
North Carolina,https://github.com/2020PB/police-brutality/blob/master/reports/North Carolina.md,Asheville,Police surround approved medical station and destroy supplies,2020-06-02,June 2nd,https://twitter.com/AngelaMWilhelm/status/1268056986102444033,https://twitter.com/AngelaMWilhelm/status/1267974081577717762,https://twitter.com/daveth89/status/1267974555332685824,https://i.redd.it/wofh339sqr251.png,,,,
North Carolina,https://github.com/2020PB/police-brutality/blob/master/reports/North Carolina.md,Raleigh,Police shoot to intimidate a business owner on his property,2020-06-02,June 2nd,https://www.instagram.com/p/CA51AJxH7S9,,,,,,,
Indiana,https://github.com/2020PB/police-brutality/blob/master/reports/Indiana.md,Fort Wayne,Police pepper spray protesters attempting to record them,2020-05-29,May 29th,https://twitter.com/greg_doucette/status/1266745200656990208,,,,,,,
Indiana,https://github.com/2020PB/police-brutality/blob/master/reports/Indiana.md,Fort Wayne,Police tear gas peaceful protesters,2020-05-30,May 30th,https://twitter.com/blazedyukhei/status/1266533569029177346,,,,,,,
Indiana,https://github.com/2020PB/police-brutality/blob/master/reports/Indiana.md,Fort Wayne,Toddler teargassed by police,2020-05-30,May 30th,https://wpta21.com/2020/05/31/toddler-tear-gassed-photo-goes-viral/#.XtUVqwf8OnF.facebook,,,,,,,
Indiana,https://github.com/2020PB/police-brutality/blob/master/reports/Indiana.md,Fort Wayne,Protester hit in the face with a gas cannister,2020-05-31,May 31st,https://i.redd.it/4qzvp2gd54251.jpg,https://twitter.com/notbalin/status/1266972999296704513,https://mobile.twitter.com/chadloder/status/1267279165230743553/photo/2,,,,,
Indiana,https://github.com/2020PB/police-brutality/blob/master/reports/Indiana.md,Indianapolis,Police confiscate medical supplies from medical station,2020-05-29,May 29th,https://www.facebook.com/AlexandraIndy/videos/10219444419838711,,,,,,,
Indiana,https://github.com/2020PB/police-brutality/blob/master/reports/Indiana.md,Indianapolis,"Police beat woman with batons and shoot pepper balls, shove another to the ground",2020-06-01,June 1st,https://www.reddit.com/r/PublicFreakout/comments/guffju/indianapolis_police_on_women_rights/,https://twitter.com/greg_doucette/status/1268391718086422528,,,,,,
Indiana,https://github.com/2020PB/police-brutality/blob/master/reports/Indiana.md,Lafayette,Officer drops tear gas into peaceful protest without warning,2020-05-31,Possibly May 31st,https://www.facebook.com/ctchoula/videos/10163707272210302/,https://scontent-ort2-2.xx.fbcdn.net/v/t1.0-9/101254362_755196441884833_7192544661301362688_n.jpg?_nc_cat=103&_nc_sid=110474&_nc_ohc=wjDZM1x0RLYAX9sKPft&_nc_ht=scontent-ort2-2.xx&oh=606a9dbf10d30a680c5dcb2c8ae8d7ce&oe=5EFD314B,,,,,,
Oregon,https://github.com/2020PB/police-brutality/blob/master/reports/Oregon.md,Portland,Police violently break up peaceful protest,2020-05-30,May 30th,https://twitter.com/IwriteOK/status/1266907719635632129,https://twitter.com/MrOlmos/status/1266916861267996673,,,,,,
Oregon,https://github.com/2020PB/police-brutality/blob/master/reports/Oregon.md,Portland,Officer pepper-sprays protestor,2020-05-30,May 30th,https://www.youtube.com/watch?v=01oWE24O9Zw&feature=emb_title,,,,,,,
Oregon,https://github.com/2020PB/police-brutality/blob/master/reports/Oregon.md,Portland,Police appear to tear-gas a homeless camp,2020-06-02,June 2nd,https://twitter.com/AstuteAF/status/1268125169890938882,,,,,,,
Oregon,https://github.com/2020PB/police-brutality/blob/master/reports/Oregon.md,Portland,Police deploy shoot teargas/flashbang grenade into a crowd,2020-06-02,June 2nd,https://twitter.com/matcha_chai/status/1268043556913987584,,,,,,,
Oregon,https://github.com/2020PB/police-brutality/blob/master/reports/Oregon.md,Portland,Police launch teargas into a crowd,2020-06-02,June 2nd,https://twitter.com/MrAndyNgo/status/1268224547272003585,,,,,,,
Massachusetts,https://github.com/2020PB/police-brutality/blob/master/reports/Massachusetts.md,Boston,Police beat an innocent man crossing the street with batons.,2020-05-31,May 31st,https://twitter.com/RimeAndTreason/status/1267268090351489024,,,,,,,
Ohio,https://github.com/2020PB/police-brutality/blob/master/reports/Ohio.md,Cincinnati,"Police disperse peaceful protest with tear gas, flash bangs and pepper bullets",2020-05-30,May 30th,https://twitter.com/kodyfishertv/status/1266901735198638082,,,,,,,
Ohio,https://github.com/2020PB/police-brutality/blob/master/reports/Ohio.md,Cincinnati,First hand account of police violently dispersing crowds,2020-05-31,May 31st,https://touch.facebook.com/story.php?story_fbid=10157718199384132&id=697759131&ref=bookmarks,,,,,,,
Ohio,https://github.com/2020PB/police-brutality/blob/master/reports/Ohio.md,Cleveland,"Officer swings baton at protesters, beats one who is trying to keep crowd back",2020-05-30,believed to be May 30th,https://twitter.com/greg_doucette/status/1267114065819770880,,,,,,,
Ohio,https://github.com/2020PB/police-brutality/blob/master/reports/Ohio.md,Columbus,"Congresswoman Joyce Beatty reportedly sprayed with ""mace or pepper spray""",2020-05-30,May 30th,https://www.cnn.com/2020/05/30/politics/joyce-beatty-ohio-pepper-sprayed-columbus-protest/index.html,https://twitter.com/politico/status/1266866982919516160,https://twitter.com/TimWCBD/status/1266787064735043591,https://twitter.com/KRobPhoto/status/1266796191469252610,,,,
Ohio,https://github.com/2020PB/police-brutality/blob/master/reports/Ohio.md,Columbus,Peaceful protester sprayed in the face with mace,2020-05-30,May 30th,https://twitter.com/rottenstrwbry/status/1266805467990446081,,,,,,,
Ohio,https://github.com/2020PB/police-brutality/blob/master/reports/Ohio.md,Columbus,Police pepperspray protesters for chanting,2020-05-30,May 30th,https://twitter.com/greg_doucette/status/1266878189537824772,,,,,,,
Ohio,https://github.com/2020PB/police-brutality/blob/master/reports/Ohio.md,Columbus,Police pepper-spray a medic,2020-05-31,May 31st,https://twitter.com/Katy38105157/status/1266816739444166656,https://twitter.com/SAColumbus/status/1266867613872857094,,,,,,
Ohio,https://github.com/2020PB/police-brutality/blob/master/reports/Ohio.md,Columbus,Police mace an innocent woman,2020-05-31,May 31st,https://twitter.com/lalaitskelcey2/status/1266821476122058752,https://twitter.com/MarioLeUgly/status/1266933807929798656,,,,,,
Ohio,https://github.com/2020PB/police-brutality/blob/master/reports/Ohio.md,Columbus,Police intimidating campus protesters by driving car towards them,2020-05-31,May 31st,https://www.reddit.com/r/PublicFreakout/comments/gtq7i4/columbus_police_officer_trying_to_use_his_car_to/,,,,,,,
Ohio,https://github.com/2020PB/police-brutality/blob/master/reports/Ohio.md,Columbus,Police pepper spray two kneeling protesters,2020-05-31,May 31st,https://twitter.com/DabinDhillo/status/1266892095702392832,https://twitter.com/taesvangogh/status/1266907922308558848,,,,,,
Ohio,https://github.com/2020PB/police-brutality/blob/master/reports/Ohio.md,Columbus,Police pepper spray African-American photographer,2020-05-31,May 31st,https://i.redd.it/4ix8f3j6dy151.jpg,https://old.reddit.com/r/Columbus/comments/gtk192/photographer_being_pepper_sprayed_by_police/,https://www.instagram.com/p/CA03DsTByLn/,,,,,
Ohio,https://github.com/2020PB/police-brutality/blob/master/reports/Ohio.md,Columbus,Police pepperspray sitting protesters,2020-05-31,May 31st,https://twitter.com/greg_doucette/status/1267102580070592512,,,,,,,
Ohio,https://github.com/2020PB/police-brutality/blob/master/reports/Ohio.md,Columbus,Woman holding a sign is shot with rubber bullets,2020-05-31,May 31st,https://mobile.twitter.com/chadloder/status/1267113315613806592,https://twitter.com/greg_doucette/status/1267122343454953472,,,,,,
Ohio,https://github.com/2020PB/police-brutality/blob/master/reports/Ohio.md,Columbus,"Protestors kept in a courtyard with no bathroom breaks, water, or food, for nine hours",2020-05-31,May 31st-June 1st,https://www.reddit.com/r/PublicFreakout/comments/gusqeg/video_from_inside_the_concrete_courtyard_peaceful/?utm_source=share&amp;utm_medium=ios_app&amp;utm_name=iossmf,https://i.imgur.com/mECPaWe.jpg,,,,,,
Ohio,https://github.com/2020PB/police-brutality/blob/master/reports/Ohio.md,Columbus,Police push and pepper spray reporters from The Lantern newspaper,2020-06-01,June 1st,https://www.thelantern.com/2020/06/columbus-mayor-police-chief-address-protest-policing-pepper-spray-of-lantern-journalists/,https://twitter.com/TheLantern/status/1267644471317090305,https://twitter.com/maevewalsh27/status/1267646128289447939,,,,,
Ohio,https://github.com/2020PB/police-brutality/blob/master/reports/Ohio.md,Columbus,Officer refuses to give diabetic arrestee her insulin back,2020-06-02,June 2nd,https://www.reddit.com/r/PublicFreakout/comments/gvte8e/cop_refuses_to_give_diabetic_woman_her_insulin/,https://www.tiktok.com/@zestaz/video/6833912697436867845,https://www.tiktok.com/@zestaz/video/6833913925231185158,,,,,
Texas,https://github.com/2020PB/police-brutality/blob/master/reports/Texas.md,Austin,Police critically injure 20 year old black protester during protests against police violence,2020-05-30,May 30th,https://www.reddit.com/r/Bad_Cop_No_Donut/comments/gwd37n/a_black_20yearold_student_justin_howell_is_in/,https://www.texastribune.org/2020/06/01/austin-police-george-floyd-mike-ramos/,https://www.kvue.com/article/news/local/austin-protester-police-struck-by-less-lethal-bean-bag-round/269-430f90a2-b6c1-4ee3-9d9c-639faf132100,,,,,
Texas,https://github.com/2020PB/police-brutality/blob/master/reports/Texas.md,Austin,Police assault protesters,2020-05-30,(believed to be) May 30th,https://gfycat.com/tautimaginativedore,,,,,,,
Texas,https://github.com/2020PB/police-brutality/blob/master/reports/Texas.md,Austin,Police shoot non-violent protestor in the head,2020-05-30,May 30th,https://www.reddit.com/r/PublicFreakout/comments/guwc4y/austin_tx_nonviolent_protestor_shot_in_the_head/,https://www.instagram.com/p/CA6TCIGnuWm/,https://www.youtube.com/watch?v=-BGyTi-KdKc,https://streamable.com/o1uqgy,https://cbsaustin.com/news/local/austin-teen-hospitalized-with-head-injury-after-police-shoot-him-with-bean-bags-at-protest,,,
Texas,https://github.com/2020PB/police-brutality/blob/master/reports/Texas.md,Austin,Police use tear gas & rubber bullets on protesters,2020-05-30,May 30th @ ~3pm,https://twitter.com/highsettler/status/1266876480929349633,https://imgur.com/gallery/VKuIIvu,https://gfycat.com/weirdthankfulgnatcatcher,,,,,
Texas,https://github.com/2020PB/police-brutality/blob/master/reports/Texas.md,Austin,Police open fire on crowd with rubber bullets,2020-05-30,May 30th,https://twitter.com/ironfront7/status/1267133400156196870,,,,,,,
Texas,https://github.com/2020PB/police-brutality/blob/master/reports/Texas.md,Austin,Police open fire on crowd after a protester throws water on them,2020-05-31,May 31st,https://www.reddit.com/r/PublicFreakout/comments/gwfu8e/apd_gets_water_splashed_on_them_and_immediately/,https://tuckbot.tv/#/watch/gwfu8e,https://peertube.live/videos/watch/320ea302-9806-44c0-843e-49d8486c423f,,,,,
Texas,https://github.com/2020PB/police-brutality/blob/master/reports/Texas.md,Austin,Police spray a man in the face while he stands still ~3 feet away from them.,2020-05-31,May 31st,https://old.reddit.com/r/Bad_Cop_No_Donut/comments/guhgfq/please_let_others_see_this_this_guy_did_not/,https://twitter.com/Grits4Breakfast/status/1267128210455588865,,,,,,
Texas,https://github.com/2020PB/police-brutality/blob/master/reports/Texas.md,Austin,Police fire upon protesters seeking medical help,2020-06-02,June 2nd,https://www.reddit.com/r/2020PoliceBrutality/comments/gvjjwg/volunteer_medics_advised_by_police_to_bring_a/,https://www.reddit.com/r/PublicFreakout/comments/gwbbjs/protestor_is_shot_in_head_with_rubber_bullet/,http://www.thebatt.com/opinion/opinion-his-name-is-justin-howell/article_93a79c44-a5b6-11ea-aa54-ebc0da33cc35.html?fbclid=IwAR11FqXr9dRCKo-ohfeBoO9FdYFRG2uon0nqAkxKO5gZuL_-4EzgukAGcBs,,,,,
Texas,https://github.com/2020PB/police-brutality/blob/master/reports/Texas.md,Baytown,Police officer tackles and knees man on the ground,2020-06-02,June 2nd,https://www.reddit.com/r/PublicFreakout/comments/gw2dpw/cop_in_baytown_tx_pulls_over_black_man_white_man/,https://www.facebook.com/isaiah.benavides.94/videos/2811815772219886/,,,,,,
Texas,https://github.com/2020PB/police-brutality/blob/master/reports/Texas.md,Houston,Police trample protester with horse,2020-05-29,May 29th,https://twitter.com/vikthewild/status/1266538354939756544,,,,,,,
Texas,https://github.com/2020PB/police-brutality/blob/master/reports/Texas.md,Houston,Officers shove a woman to the pavement,2020-05-29,May 29th,https://twitter.com/AbkTrauma/status/1266511972524269569,,,,,,,
Texas,https://github.com/2020PB/police-brutality/blob/master/reports/Texas.md,Dallas,Police shoot unarmed woman in the face with a rubber bullet,2020-05-30,May 30th,https://twitter.com/KevinRKrause/status/1266898396339675137,https://i.redd.it/ns0uj557x0251.jpg,https://twitter.com/greg_doucette/status/1267109272342736896,,,,,
Texas,https://github.com/2020PB/police-brutality/blob/master/reports/Texas.md,Dallas,Police use flashbangs and tear gas on protestors,2020-05-31,May 31st,https://twitter.com/xtranai/status/1266898175568338945,,,,,,,
Texas,https://github.com/2020PB/police-brutality/blob/master/reports/Texas.md,San Antonio,Police shoot man filming them with what were allegedly rubber bullets,2020-05-31,(believed to be) May 31st,https://www.reddit.com/r/PublicFreakout/comments/gu3s6j/police_shoots_protestor_for_no_reason/,https://tuckbot.tv/#/watch/gu3s6j,,,,,,
Nebraska,https://github.com/2020PB/police-brutality/blob/master/reports/Nebraska.md,Omaha,"Police Mace, shoot pepper bullets at protesters sitting on the ground",2020-05-31,May 31st,https://twitter.com/XruthxNthr/status/1266903223220097024,,,,,,,
Nebraska,https://github.com/2020PB/police-brutality/blob/master/reports/Nebraska.md,Omaha,Peaceful protestors arrested for breaking curfew,2020-06-01,June 1,https://twitter.com/reecereports/status/1267629669093978117,,,,,,,
Washington DC,https://github.com/2020PB/police-brutality/blob/master/reports/Washington DC.md,DC,Riot Police rams shield into BBC cameraman,2020-05-31,May 31,https://twitter.com/AleemMaqbool/status/1267319521486004225?s=20,https://www.bbc.co.uk/news/av/world-us-canada-52884888/george-floyd-protests-police-charge-at-bbc-cameraman-near-white-house,,,,,,
Washington DC,https://github.com/2020PB/police-brutality/blob/master/reports/Washington DC.md,DC,Australian news crew and protestors attacked by police,2020-06-01,June 1st,https://7news.com.au/sunrise/on-the-show/scary-moment-as-sunrise-reporter-caught-up-in-us-violence-c-1073136,https://www.abc.net.au/news/2020-06-02/channel-7-journalists-assaulted-police-george-floyd-protesters/12312056,https://twitter.com/ASB_Breaking/status/1267596043870486528,https://twitter.com/i/status/1267597024096137217,https://twitter.com/i/status/1267606685767667712,https://v.redd.it/qf9vf0hdrd251,https://peertube.live/videos/watch/1713b881-a750-45a0-9c6c-f066ebcac484,https://www.reddit.com/r/2020PoliceBrutality/comments/gvqjjv/nsfl_clearer_footage_of_guy_hit_by_shield_blood/
Washington DC,https://github.com/2020PB/police-brutality/blob/master/reports/Washington DC.md,DC,Protestors are quickly and violently pushed out of Lafayette Square,2020-06-01,June 1,https://www.nytimes.com/2020/06/02/us/politics/trump-walk-lafayette-square.html,https://www.cnn.com/2020/06/02/politics/trump-white-house-protest-police-church-photo-op/index.html,https://www.wusa9.com/article/news/local/dc/lafayette-square-washington-dc-protests-st-johns-church/65-f76d9753-8d99-42df-b02d-99d11a427595,https://www.reddit.com/r/2020PoliceBrutality/comments/gvpqoz/nsfl_hit_by_riot_shield_blood_gushes_out_of_guys/,https://www.reddit.com/r/2020PoliceBrutality/comments/gvpgpz/found_both_videos_of_the_dc_event_i_know_people/,,,
Washington DC,https://github.com/2020PB/police-brutality/blob/master/reports/Washington DC.md,DC,Officer fires tear gas cannister at protestor's head,,,https://mobile.twitter.com/chadloder/status/1267377374066167808,,,,,,,
Washington DC,https://github.com/2020PB/police-brutality/blob/master/reports/Washington DC.md,DC,Police violence outside the White House,2020-06-01,June 1st,https://www.reddit.com/r/PublicFreakout/comments/guvwgo/trump_gives_a_speech_about_protecting_peaceful/?utm_source=share&amp;utm_medium=ios_app&amp;utm_name=iossmf,,,,,,,
Alabama,https://github.com/2020PB/police-brutality/blob/master/reports/Alabama.md,Huntsville,Protester falls and is stepped on,2020-06-01,June 1st,https://twitter.com/ETfonehome97/status/1267657232411435008,,,,,,,
Alabama,https://github.com/2020PB/police-brutality/blob/master/reports/Alabama.md,Huntsville,Police officer pepper sprays protestors for no reason,2020-06-03,June 3rd,https://twitter.com/bitchthot420/status/1268350308398268416,,,,,,,
Alabama,https://github.com/2020PB/police-brutality/blob/master/reports/Alabama.md,Huntsville,Police tear gas reporters,2020-06-03,June 3rd,https://twitter.com/greg_doucette/status/1268397070563414016,,,,,,,
Alabama,https://github.com/2020PB/police-brutality/blob/master/reports/Alabama.md,Huntsville,Police preemptively tear gas peaceful protestors,2020-06-03,June 3rd,https://www.alreporter.com/2020/06/03/huntsville-police-deploy-tear-gas-rubber-bullets-on-protesters/,,,,,,,
Illinois,https://github.com/2020PB/police-brutality/blob/master/reports/Illinois.md,Chicago,Police harass and assault John Cusack,2020-05-31,May 31st,https://twitter.com/johncusack/status/1266938983575101441,,,,,,,
Illinois,https://github.com/2020PB/police-brutality/blob/master/reports/Illinois.md,Chicago,Police pull black women out of the car and throw them to the ground,2020-05-31,May 31st,https://twitter.com/cruzzzyc/status/1267185423333199874,https://blockclubchicago.org/2020/06/03/black-women-pulled-from-car-kneeled-on-by-chicago-police-officers-outside-northwest-side-mall-i-was-scared-for-my-life/,https://chicago.cbslocal.com/2020/06/03/police-drag-women-out-of-car-outside-brickyard-mall-woman-says-officer-put-knee-on-neck/,,,,,
Illinois,https://github.com/2020PB/police-brutality/blob/master/reports/Illinois.md,Chicago,Police pepperspray reporter for recording,2020-05-31,May 31st,https://twitter.com/JCB_Journo/status/1266897672545480706,,,,,,,
Illinois,https://github.com/2020PB/police-brutality/blob/master/reports/Illinois.md,Chicago,Video showing CPD officer punching protester in Uptown under investigation,2020-06-01,June 1st,https://www.youtube.com/watch?time_continue=44&v=_urY-W8otNA,https://chicago.suntimes.com/crime/2020/6/3/21279501/police-video-cpd-officer-punch-protester-uptown-investigation-copa,,,,,,
Colorado,https://github.com/2020PB/police-brutality/blob/master/reports/Colorado.md,Colorado Springs,Multiple cops pin man to ground while repeatedly punching him,2020-06-01,June 1st,https://www.facebook.com/Shawn.R.Russ/videos/10221345617964005/,https://www.kktv.com/content/news/Colorado-Springs-police-issue-statement-following-use-of-force-arrest-during-protest-570969681.html,,,,,,
Colorado,https://github.com/2020PB/police-brutality/blob/master/reports/Colorado.md,Denver,Reporter shot with multiple pepper balls,2020-05-28,May 28th,https://www.denverpost.com/2020/05/29/denver-post-photographer-pepper-balls-george-floyd-protest/,,,,,,,
Colorado,https://github.com/2020PB/police-brutality/blob/master/reports/Colorado.md,Denver,Police pepperspray people trying to record,2020-05-29,May 29th,https://twitter.com/greg_doucette/status/1266758227930333188,https://twitter.com/Dizzle14Double/status/1266615473816260609,https://twitter.com/SaltMagazine_/status/1266634027257098240,,,,,
Colorado,https://github.com/2020PB/police-brutality/blob/master/reports/Colorado.md,Denver,Denver law enforcement shoot at reporters,2020-05-29,May 29th,https://twitter.com/AdiGTV/status/1266554320717099008,,,,,,,
Colorado,https://github.com/2020PB/police-brutality/blob/master/reports/Colorado.md,Denver,Denver SWAT shoot at woman trying to stop armored car,2020-05-29,May 29th,https://twitter.com/DoughertyKMGH/status/1266560264918491138/video/1,,,,,,,
Colorado,https://github.com/2020PB/police-brutality/blob/master/reports/Colorado.md,Denver,Police throw reporter into fire,2020-05-30,May 30th,https://twitter.com/tessrmalle/status/1266945413258653696,https://www.reddit.com/r/2020PoliceBrutality/comments/gunfut/denver_officer_pushed_a_photographer_into_a_fire/,https://www.youtube.com/watch?v=zhIWohJsRyM&feature=youtu.be&t=4225,,,,,
Colorado,https://github.com/2020PB/police-brutality/blob/master/reports/Colorado.md,Denver,Police tear gas and shoot protestors,2020-05-30,May 30th,https://twitter.com/moneyroe99/status/1266956171409346566,,,,,,,
Colorado,https://github.com/2020PB/police-brutality/blob/master/reports/Colorado.md,Denver,Denver law enforcement shoot at reporter standing on the sidewalk,2020-05-30,May 30th,https://youtu.be/xNLZ7exVxq4?t=110,,,,,,,
Colorado,https://github.com/2020PB/police-brutality/blob/master/reports/Colorado.md,Denver,Police fire pepper balls at car with pregnant woman,2020-05-31,May 31st,https://www.reddit.com/r/2020PoliceBrutality/comments/gumff6/denver_police_fire_pepper_balls_at_a_car_with_a/,,,,,,,
Colorado,https://github.com/2020PB/police-brutality/blob/master/reports/Colorado.md,Denver,Police officer fires at protestor while driving away,2020-05-31,May 31st,https://twitter.com/heyydnae/status/1267139396278661121?s=21,,,,,,,
Colorado,https://github.com/2020PB/police-brutality/blob/master/reports/Colorado.md,Denver,Police pepper sprays peaceful protestor and fires tear gas on crowd,2020-05-31,Believed to be May 31st or June 1st,https://www.reddit.com/r/2020PoliceBrutality/comments/gvhisl/police_rip_sign_out_of_peaceful_protesters_hands/,https://www.tiktok.com/@yazzdazzz/video/6832896487207243014,,,,,,
Colorado,https://github.com/2020PB/police-brutality/blob/master/reports/Colorado.md,Denver,Police shoot protester from behind with tear gas canister,2020-06-02,June 2nd,https://www.reddit.com/r/Denver/comments/gvhqs2/elisabeth_epps_use_of_force_committee_member_for/,,,,,,,
Colorado,https://github.com/2020PB/police-brutality/blob/master/reports/Colorado.md,Denver,Police tackle group of peaceful protesters,2020-06-04,June 4th,https://www.reddit.com/r/Denver/comments/gwdg85/denver_swat_unit_tackles_group_of_peaceful/,,,,,,,
Virginia,https://github.com/2020PB/police-brutality/blob/master/reports/Virginia.md,Richmond,Officer sprays a man watching from his balcony,2020-05-31,May 31st,https://www.reddit.com/r/rva/comments/gtwdzi/someone_got_pepper_sprayed_from_his_second_floor/,https://twitter.com/ADeliciousBear/status/1268048506247405568,https://m.facebook.com/story.php?story_fbid=1123349158037544&id=100010874104187,,,,,
Virginia,https://github.com/2020PB/police-brutality/blob/master/reports/Virginia.md,Richmond,Tear gas fired at peaceful protest,2020-06-01,June 1st,https://twitter.com/i/status/1267650345947271176,https://twitter.com/i/status/1267613150112858116,https://twitter.com/i/status/1267601158534815745,https://www.youtube.com/watch?v=LG_HMghyQZc,,,,
Virginia,https://github.com/2020PB/police-brutality/blob/master/reports/Virginia.md,Richmond,Officer spits on detained protestor,2020-06-01,June 1st,https://www.reddit.com/r/PublicFreakout/comments/guzgf9/police_officer_in_richmond_va_spits_on_and_near_a/,,,,,,,
Louisiana,https://github.com/2020PB/police-brutality/blob/master/reports/Louisiana.md,New Orleans,Police throw tear-gas at protestors on a bridge.,2020-06-03,June 3rd,https://twitter.com/misaacstein/status/1268381797081022464,https://twitter.com/ckm_news/status/1268382403367763970,https://twitter.com/brynstole/status/1268381340073971713,,,,,
